{
  "project_info": {
    "project_number": "149350449393",
    "firebase_url": "https://chatapp-c4157.firebaseio.com",
    "project_id": "chatapp-c4157",
    "storage_bucket": "chatapp-c4157.appspot.com"
  },
  "client": [
    {
      "client_info": {
        "mobilesdk_app_id": "1:149350449393:android:ce2dd2ceab0459df",
        "android_client_info": {
          "package_name": "com.example.chatapp"
        }
      },
      "oauth_client": [
        {
          "client_id": "149350449393-ucflt8lo1re4fnkl6sfh04h7n2g81oio.apps.googleusercontent.com",
          "client_type": 1,
          "android_info": {
            "package_name": "com.example.chatapp",
            "certificate_hash": "3bc098a05f168694754dce0123f4d3212f76d99b"
          }
        },
        {
          "client_id": "149350449393-f3trlp2hmko6q846gp4g2inq8l8kd0ro.apps.googleusercontent.com",
          "client_type": 3
        }
      ],
      "api_key": [
        {
          "current_key": "AIzaSyDRA4RM_lpcRpdS22utMHkvAf4v2raKLBU"
        }
      ],
      "services": {
        "appinvite_service": {
          "other_platform_oauth_client": [
            {
              "client_id": "149350449393-f3trlp2hmko6q846gp4g2inq8l8kd0ro.apps.googleusercontent.com",
              "client_type": 3
            }
          ]
        }
      }
    }
  ],
  "configuration_version": "1"
}